{"cameraMode":{"drawMode":0,"name":"Shaded","section":"Shading Mode"},"sceneLighting":true,"audioPlay":false,"sceneViewState":{"showFog":false,"showMaterialUpdate":false,"showSkybox":false,"showFlares":false,"showImageEffects":false,"showParticleSystems":false},"in2DMode":false,"pivot":{"x":1.1481819152832032,"y":2.231372833251953,"z":1.3980700969696046},"rotation":{"x":0.06145790219306946,"y":0.7483371496200562,"z":-0.07003128528594971,"w":0.6567420959472656},"size":6.526237964630127,"orthographic":false}