{"cameraMode":{"drawMode":2,"name":"Shaded Wireframe","section":"Shading Mode"},"sceneLighting":true,"audioPlay":false,"sceneViewState":{"showFog":false,"showMaterialUpdate":false,"showSkybox":false,"showFlares":false,"showImageEffects":false,"showParticleSystems":false},"in2DMode":false,"pivot":{"x":8.477935791015625,"y":7.889927387237549,"z":6.820779800415039},"rotation":{"x":0.16737854480743409,"y":0.039823684841394427,"z":-0.006852712016552687,"w":0.9850642085075378},"size":18.629955291748048,"orthographic":false}