{"cameraMode":{"drawMode":0,"name":"Shaded","section":"Shading Mode"},"sceneLighting":true,"audioPlay":false,"sceneViewState":{"showFog":false,"showMaterialUpdate":false,"showSkybox":false,"showFlares":false,"showImageEffects":false,"showParticleSystems":false},"in2DMode":false,"pivot":{"x":1.9766054153442383,"y":2.284147262573242,"z":1.0249600410461426},"rotation":{"x":-0.33109956979751589,"y":-0.041581012308597568,"z":0.01461303886026144,"w":-0.9425659775733948},"size":5.393038749694824,"orthographic":false}