{"cameraMode":{"drawMode":0,"name":"Shaded","section":"Shading Mode"},"sceneLighting":true,"audioPlay":false,"sceneViewState":{"showFog":false,"showMaterialUpdate":false,"showSkybox":false,"showFlares":false,"showImageEffects":false,"showParticleSystems":false},"in2DMode":false,"pivot":{"x":1.9056072235107422,"y":1.5009253025054932,"z":2.884582757949829},"rotation":{"x":0.2272857278585434,"y":0.12719053030014039,"z":-0.029974564909934999,"w":0.9650208353996277},"size":5.278020858764648,"orthographic":false}