{"cameraMode":{"drawMode":0,"name":"Shaded","section":"Shading Mode"},"sceneLighting":true,"audioPlay":false,"sceneViewState":{"showFog":false,"showMaterialUpdate":false,"showSkybox":false,"showFlares":false,"showImageEffects":false,"showParticleSystems":false},"in2DMode":false,"pivot":{"x":1.1685340404510499,"y":2.9051969051361086,"z":1.0491318702697755},"rotation":{"x":0.23211489617824555,"y":0.3812413513660431,"z":-0.09950727969408035,"w":0.8893120884895325},"size":5.5182952880859379,"orthographic":false}