{"cameraMode":{"drawMode":0,"name":"Shaded","section":"Shading Mode"},"sceneLighting":true,"audioPlay":false,"sceneViewState":{"showFog":false,"showMaterialUpdate":false,"showSkybox":false,"showFlares":false,"showImageEffects":false,"showParticleSystems":false},"in2DMode":false,"pivot":{"x":1.1481819152832032,"y":2.231372833251953,"z":1.3980700969696046},"rotation":{"x":0.14660876989364625,"y":0.5027974843978882,"z":-0.08698797225952149,"w":0.8474276661872864},"size":5.661517143249512,"orthographic":false}