{"cameraMode":{"drawMode":0,"name":"Shaded","section":"Shading Mode"},"sceneLighting":true,"audioPlay":false,"sceneViewState":{"showFog":false,"showMaterialUpdate":false,"showSkybox":false,"showFlares":false,"showImageEffects":false,"showParticleSystems":false},"in2DMode":false,"pivot":{"x":3.7990899085998537,"y":3.8892946243286135,"z":4.1730122566223148},"rotation":{"x":0.21196819841861726,"y":0.5583254098892212,"z":-0.1502082496881485,"w":0.7878958582878113},"size":12.507806777954102,"orthographic":false}