{"cameraMode":{"drawMode":0,"name":"Shaded","section":"Shading Mode"},"sceneLighting":true,"audioPlay":false,"sceneViewState":{"showFog":false,"showMaterialUpdate":false,"showSkybox":false,"showFlares":false,"showImageEffects":false,"showParticleSystems":false},"in2DMode":false,"pivot":{"x":61.65348434448242,"y":50.41257095336914,"z":219.52340698242188},"rotation":{"x":0.11119800060987473,"y":-0.15563254058361054,"z":0.017545439302921296,"w":0.981379508972168},"size":395.5994567871094,"orthographic":false}